Month,industrial_production,oil_price_wti,cpi,natgas_price,avg_temp_F,HDD,CDD,us_population
1973-01-01,44.0529,22.93,42.7,3.45,31.2,1047,0,211192.0
1973-02-01,44.6827,22.93,43.0,3.45,32.6,907,0,211349.0
1973-03-01,44.7045,22.93,43.4,3.45,42.6,694,0,211506.0
1973-04-01,44.6387,22.93,43.7,3.45,55.8,276,0,211663.0
1973-05-01,44.9429,22.93,43.9,3.45,62.4,80,0,211839.0
1973-06-01,45.0035,22.93,44.2,3.45,70.5,0,164,212015.0
1973-07-01,45.1636,22.93,44.2,3.45,78.0,0,402,212191.0
1973-08-01,45.1019,22.93,45.0,3.45,73.0,0,248,212363.33333333334
1973-09-01,45.4624,22.93,45.2,3.45,61.8,95,0,212535.66666666666
1973-10-01,45.847,22.93,45.6,3.45,53.4,360,0,212708.0
1973-11-01,46.0553,22.93,45.9,3.45,39.9,754,0,212853.33333333334
1973-12-01,45.923,22.93,46.3,3.45,31.8,1029,0,212998.66666666666
1974-01-01,45.6204,22.93,46.8,3.45,30.6,1065,0,213144.0
1974-02-01,45.4759,22.93,47.3,3.45,28.2,1030,0,213296.66666666666
1974-03-01,45.4777,22.93,47.8,3.45,36.7,877,0,213449.33333333334
1974-04-01,45.3451,22.93,48.1,3.45,50.6,431,0,213602.0
1974-05-01,45.7044,22.93,48.6,3.45,60.5,139,0,213783.66666666666
1974-06-01,45.6238,22.93,49.0,3.45,71.9,0,206,213965.33333333334
1974-07-01,45.7221,22.93,49.3,3.45,71.8,0,210,214147.0
1974-08-01,45.2366,22.93,49.9,3.45,67.6,0,80,214331.33333333334
1974-09-01,45.2365,22.93,50.6,3.45,66.7,0,51,214515.66666666666
1974-10-01,45.1133,22.93,51.0,3.45,51.5,419,0,214700.0
1974-11-01,43.6278,22.93,51.5,3.45,41.2,713,0,214845.0
1974-12-01,42.0533,22.93,51.9,3.45,29.4,1102,0,214990.0
1975-01-01,41.4676,22.93,52.3,3.45,28.7,1125,0,215135.0
1975-02-01,40.5165,22.93,52.6,3.45,33.3,888,0,215307.33333333334
1975-03-01,40.0638,22.93,52.8,3.45,38.2,831,0,215479.66666666666
1975-04-01,40.1573,22.93,53.0,3.45,53.0,360,0,215652.0
1975-05-01,40.0253,22.93,53.1,3.45,61.6,106,0,215864.33333333334
1975-06-01,40.2772,22.93,53.5,3.45,70.4,0,162,216076.66666666666
1975-07-01,40.6994,22.93,54.0,3.45,72.6,0,235,216289.0
1975-08-01,41.0998,22.93,54.2,3.45,75.8,0,334,216475.33333333334
1975-09-01,41.6304,22.93,54.6,3.45,63.0,59,0,216661.66666666666
1975-10-01,41.8135,22.93,54.9,3.45,49.4,482,0,216848.0
1975-11-01,41.8697,22.93,55.3,3.45,43.1,656,0,217003.33333333334
1975-12-01,42.4414,22.93,55.6,3.45,30.0,1086,0,217158.66666666666
1976-01-01,43.0012,22.93,55.8,3.45,30.6,1066,0,217314.0
1976-02-01,43.4229,22.93,55.9,3.45,28.1,1069,0,217468.0
1976-03-01,43.5168,22.93,56.0,3.45,37.8,844,0,217622.0
1976-04-01,43.7327,22.93,56.1,3.45,52.6,372,0,217776.0
1976-05-01,43.9186,22.93,56.4,3.45,64.9,2,0,217963.33333333334
1976-06-01,43.9637,22.93,56.7,3.45,71.6,0,198,218150.66666666666
1976-07-01,44.2141,22.93,57.0,3.45,73.8,0,273,218338.0
1976-08-01,44.5182,22.93,57.3,3.45,70.4,0,168,218531.0
1976-09-01,44.6721,22.93,57.6,3.45,59.4,168,0,218724.0
1976-10-01,44.6585,22.93,57.9,3.45,50.3,455,0,218917.0
1976-11-01,45.3392,22.93,58.1,3.45,40.0,751,0,219087.0
1976-12-01,45.8294,22.93,58.4,3.45,35.7,908,0,219257.0
1977-01-01,45.5087,22.93,58.7,3.45,31.0,1055,0,219427.0
1977-02-01,46.2277,22.93,59.3,3.45,28.7,1017,0,219603.33333333334
1977-03-01,46.8185,22.93,59.6,3.45,41.9,715,0,219779.66666666666
1977-04-01,47.2684,22.93,60.0,3.45,51.2,415,0,219956.0
1977-05-01,47.6411,22.93,60.2,3.45,61.4,110,0,220161.66666666666
1977-06-01,48.0116,22.93,60.5,3.45,72.7,0,231,220367.33333333334
1977-07-01,48.073,22.93,60.8,3.45,76.7,0,363,220573.0
1977-08-01,48.1205,22.93,61.1,3.45,73.5,0,264,220782.33333333334
1977-09-01,48.3189,22.93,61.3,3.45,61.0,119,0,220991.66666666666
1977-10-01,48.3871,22.93,61.6,3.45,51.4,423,0,221201.0
1977-11-01,48.4761,22.93,62.0,3.45,42.0,691,0,221373.66666666666
1977-12-01,48.5629,22.93,62.3,3.45,35.5,913,0,221546.33333333334
1978-01-01,47.8481,22.93,62.7,3.45,29.0,1117,0,221719.0
1978-02-01,48.1044,22.93,63.0,3.45,32.6,906,0,221906.33333333334
1978-03-01,49.0265,22.93,63.4,3.45,38.4,825,0,222093.66666666666
1978-04-01,50.0206,22.93,63.9,3.45,49.2,475,0,222281.0
1978-05-01,50.254,22.93,64.5,3.45,65.2,0,6,222498.33333333334
1978-06-01,50.5801,22.93,65.0,3.45,74.6,0,288,222715.66666666666
1978-07-01,50.5384,22.93,65.5,3.45,74.0,0,279,222933.0
1978-08-01,50.7458,22.93,65.9,3.45,73.7,0,271,223149.66666666666
1978-09-01,50.8744,22.93,66.5,3.45,64.1,28,0,223366.33333333334
1978-10-01,51.2559,22.93,67.1,3.45,50.6,448,0,223583.0
1978-11-01,51.6514,22.93,67.5,3.45,42.1,688,0,223772.66666666666
1978-12-01,51.909,22.93,67.9,3.45,37.0,869,0,223962.33333333334
1979-01-01,51.6278,22.93,68.5,3.45,30.1,1082,0,224152.0
1979-02-01,51.8752,22.93,69.2,3.45,37.0,783,0,224347.0
1979-03-01,52.0446,22.93,69.9,3.45,34.6,941,0,224542.0
1979-04-01,51.4193,22.93,70.6,3.45,54.2,323,0,224737.0
1979-05-01,51.8856,22.93,71.4,3.45,63.4,49,0,224964.0
1979-06-01,51.8965,22.93,72.2,3.45,70.5,0,165,225191.0
1979-07-01,51.8097,22.93,73.0,3.45,74.4,0,292,225418.0
1979-08-01,51.4684,22.93,73.7,3.45,66.3,0,40,225651.0
1979-09-01,51.4597,22.93,74.4,3.45,62.7,70,0,225884.0
1979-10-01,51.8334,22.93,75.2,3.45,53.1,369,0,226117.0
1979-11-01,51.7531,22.93,76.0,3.45,44.9,603,0,226329.33333333334
1979-12-01,51.7878,22.93,76.9,3.45,31.9,1027,0,226541.66666666666
1980-01-01,52.0679,22.93,78.0,3.45,28.2,1141,0,226754.0
1980-02-01,52.082,22.93,79.0,3.45,31.9,960,0,226965.66666666666
1980-03-01,51.87,22.93,80.1,3.45,43.5,666,0,227177.33333333334
1980-04-01,50.8397,22.93,80.9,3.45,53.0,359,0,227389.0
1980-05-01,49.589,22.93,81.7,3.45,61.9,96,0,227616.0
1980-06-01,48.9482,22.93,82.5,3.45,72.6,0,227,227843.0
1980-07-01,48.6039,22.93,82.6,3.45,74.5,0,293,228070.0
1980-08-01,48.7563,22.93,83.2,3.45,73.7,0,270,228276.33333333334
1980-09-01,49.5608,22.93,83.9,3.45,61.5,106,0,228482.66666666666
1980-10-01,50.1908,22.93,84.7,3.45,51.4,421,0,228689.0
1980-11-01,51.0311,22.93,85.6,3.45,40.3,742,0,228844.33333333334
1980-12-01,51.3708,22.93,86.4,3.45,29.5,1100,0,228999.66666666666
1981-01-01,51.0415,22.93,87.2,3.45,31.0,1055,0,229155.0
1981-02-01,50.824,22.93,88.0,3.45,33.8,872,0,229328.0
1981-03-01,51.0826,22.93,88.6,3.45,41.3,736,0,229501.0
1981-04-01,50.858,22.93,89.1,3.45,51.7,400,0,229674.0
1981-05-01,51.1495,22.93,89.7,3.45,59.7,164,0,229883.0
1981-06-01,51.4101,22.93,90.5,3.45,70.3,0,158,230092.0
1981-07-01,51.7471,22.93,91.5,3.45,73.4,0,260,230301.0
1981-08-01,51.6826,22.93,92.2,3.45,69.3,0,133,230501.66666666666
1981-09-01,51.4337,22.93,93.1,3.45,62.9,64,0,230702.33333333334
1981-10-01,51.0281,22.93,93.4,3.45,53.3,364,0,230903.0
1981-11-01,50.435,22.93,93.8,3.45,46.0,571,0,231067.0
1981-12-01,49.8987,22.93,94.1,3.45,33.7,972,0,231231.0
1982-01-01,48.8685,22.93,94.4,3.45,30.9,1057,0,231395.0
1982-02-01,49.8636,22.93,94.7,3.45,33.0,895,0,231565.33333333334
1982-03-01,49.5323,22.93,94.7,3.45,36.5,884,0,231735.66666666666
1982-04-01,49.075,22.93,95.0,3.45,52.2,384,0,231906.0
1982-05-01,48.7483,22.93,95.9,3.45,63.4,49,0,232103.33333333334
1982-06-01,48.6214,22.93,97.0,3.45,77.5,0,375,232300.66666666666
1982-07-01,48.4616,22.93,97.5,3.45,73.8,0,273,232498.0
1982-08-01,48.0192,22.93,97.7,3.45,72.1,0,220,232690.0
1982-09-01,47.9008,22.93,97.7,3.45,63.2,54,0,232882.0
1982-10-01,47.4371,22.93,98.1,3.45,49.4,485,0,233074.0
1982-11-01,47.283,22.93,98.0,3.45,44.2,625,0,233231.33333333334
1982-12-01,46.9485,22.93,97.7,3.45,35.1,926,0,233388.66666666666
1983-01-01,47.8234,22.93,97.9,3.45,32.3,1014,0,233546.0
1983-02-01,47.5233,22.93,98.0,3.45,31.0,953,0,233706.66666666666
1983-03-01,47.9244,22.93,98.1,3.45,44.8,626,0,233867.33333333334
1983-04-01,48.5311,22.93,98.8,3.45,48.8,486,0,234028.0
1983-05-01,48.8239,22.93,99.2,3.45,64.8,7,0,234219.66666666666
1983-06-01,49.123,22.93,99.4,3.45,76.8,0,355,234411.33333333334
1983-07-01,49.8546,22.93,99.8,3.45,71.8,0,212,234603.0
1983-08-01,50.4443,22.93,100.1,3.45,70.0,0,154,234786.33333333334
1983-09-01,51.178,22.93,100.4,3.45,63.6,43,0,234969.66666666666
1983-10-01,51.5693,22.93,100.8,3.45,51.1,432,0,235153.0
1983-11-01,51.7993,22.93,101.1,3.45,37.4,827,0,235303.66666666666
1983-12-01,52.0594,22.93,101.4,3.45,33.4,978,0,235454.33333333334
1984-01-01,53.0985,22.93,102.1,3.45,27.7,1157,0,235605.0
1984-02-01,53.3318,22.93,102.6,3.45,34.5,886,0,235764.0
1984-03-01,53.5929,22.93,102.9,3.45,39.0,805,0,235923.0
1984-04-01,53.91,22.93,103.3,3.45,56.2,264,0,236082.0
1984-05-01,54.2026,22.93,103.5,3.45,61.4,112,0,236273.66666666666
1984-06-01,54.4014,22.93,103.7,3.45,70.6,0,168,236465.33333333334
1984-07-01,54.5521,22.93,104.1,3.45,76.4,0,353,236657.0
1984-08-01,54.6083,22.93,104.4,3.45,68.3,0,103,236848.66666666666
1984-09-01,54.4466,22.93,104.7,3.45,63.9,32,0,237040.33333333334
1984-10-01,54.4406,22.93,105.1,3.45,55.6,291,0,237232.0
1984-11-01,54.624,22.93,105.3,3.45,37.3,830,0,237379.0
1984-12-01,54.6416,22.93,105.5,3.45,33.8,968,0,237526.0
1985-01-01,54.6322,22.93,105.7,3.45,31.0,1054,0,237673.0
1985-02-01,54.7825,22.93,106.3,3.45,35.3,833,0,237840.66666666666
1985-03-01,54.8653,22.93,106.8,3.45,38.3,829,0,238008.33333333334
1985-04-01,54.7459,22.93,107.0,3.45,49.1,478,0,238176.0
1985-05-01,54.8255,22.93,107.2,3.45,64.7,10,0,238380.33333333334
1985-06-01,54.7989,22.93,107.5,3.45,72.2,0,215,238584.66666666666
1985-07-01,54.5396,22.93,107.7,3.45,75.0,0,310,238789.0
1985-08-01,54.7055,22.93,107.9,3.45,72.3,0,226,238988.33333333334
1985-09-01,54.8906,22.93,108.1,3.45,61.7,100,0,239187.66666666666
1985-10-01,54.7199,22.93,108.5,3.45,53.0,373,0,239387.0
1985-11-01,54.9124,22.93,109.0,3.45,42.1,686,0,239545.0
1985-12-01,55.4412,22.93,109.5,3.45,31.5,1037,0,239703.0
1986-01-01,55.7481,22.93,109.9,3.45,35.1,928,0,239861.0
1986-02-01,55.3568,15.46,109.7,3.45,34.5,853,0,240030.0
1986-03-01,54.9625,12.61,109.1,3.45,38.4,824,0,240199.0
1986-04-01,55.0413,12.84,108.7,3.45,54.0,329,0,240368.0
1986-05-01,55.1226,15.38,109.0,3.45,61.0,125,0,240566.0
1986-06-01,54.9005,13.43,109.4,3.45,73.4,0,253,240764.0
1986-07-01,55.2592,11.59,109.5,3.45,77.3,0,381,240962.0
1986-08-01,55.1567,15.1,109.6,3.45,69.4,0,137,241154.33333333334
1986-09-01,55.2975,14.87,110.0,3.45,65.8,0,25,241346.66666666666
1986-10-01,55.5332,14.9,110.2,3.45,53.4,358,0,241539.0
1986-11-01,55.7557,15.22,110.4,3.45,43.5,646,0,241695.66666666666
1986-12-01,56.2845,16.11,110.8,3.45,38.1,834,0,241852.33333333334
1987-01-01,56.0882,18.65,111.4,3.45,29.8,1091,0,242009.0
1987-02-01,56.8275,17.75,111.8,3.45,31.5,938,0,242179.33333333334
1987-03-01,56.9098,18.3,112.2,3.45,39.2,800,0,242349.66666666666
1987-04-01,57.2701,18.68,112.7,3.45,50.4,438,0,242520.0
1987-05-01,57.6322,19.44,113.0,3.45,63.2,55,0,242720.0
1987-06-01,57.9307,20.07,113.5,3.45,72.3,0,220,242920.0
1987-07-01,58.3258,21.34,113.8,3.45,75.1,0,314,243120.0
1987-08-01,58.7636,20.31,114.3,3.45,73.6,0,265,243320.33333333334
1987-09-01,58.9951,19.53,114.7,3.45,63.5,46,0,243520.66666666666
1987-10-01,59.781,19.86,115.0,3.45,56.1,277,0,243721.0
1987-11-01,60.0726,18.85,115.4,3.45,40.8,726,0,243883.33333333334
1987-12-01,60.4095,17.28,115.6,3.45,40.2,769,0,244045.66666666666
1988-01-01,60.3976,17.13,116.0,3.45,32.0,1023,0,244208.0
1988-02-01,60.7003,16.8,116.2,3.45,31.3,979,0,244377.33333333334
1988-03-01,60.8501,16.2,116.5,3.45,38.8,813,0,244546.66666666666
1988-04-01,61.2031,17.86,117.2,3.45,53.7,340,0,244716.0
1988-05-01,61.0797,17.42,117.5,3.45,62.9,65,0,244928.66666666666
1988-06-01,61.2569,16.53,118.0,3.45,73.3,0,249,245141.33333333334
1988-07-01,61.2659,15.5,118.5,3.45,75.6,0,330,245354.0
1988-08-01,61.5731,15.52,119.0,3.45,71.3,0,196,245558.0
1988-09-01,61.3807,14.54,119.5,3.45,61.4,109,0,245762.0
1988-10-01,61.6453,13.77,119.9,3.45,48.7,506,0,245966.0
1988-11-01,61.7944,14.14,120.3,3.45,40.4,739,0,246130.66666666666
1988-12-01,62.0743,16.38,120.7,3.45,35.6,912,0,246295.33333333334
1989-01-01,62.2574,18.02,121.2,3.45,31.0,1054,0,246460.0
1989-02-01,61.9819,17.94,121.6,3.45,30.3,971,0,246645.66666666666
1989-03-01,62.1369,19.48,122.2,3.45,41.9,716,0,246831.33333333334
1989-04-01,62.1276,21.07,123.1,3.45,53.5,346,0,247017.0
1989-05-01,61.7744,20.12,123.7,3.45,61.3,115,0,247244.0
1989-06-01,61.7697,20.05,124.1,3.45,71.9,0,208,247471.0
1989-07-01,61.1738,19.78,124.5,3.45,74.6,0,299,247698.0
1989-08-01,61.7732,18.58,124.5,3.45,68.7,0,114,247923.33333333334
1989-09-01,61.5796,19.59,124.8,3.45,64.4,18,0,248148.66666666666
1989-10-01,61.4966,20.1,125.4,3.45,53.9,344,0,248374.0
1989-11-01,61.7044,19.86,125.9,3.45,44.2,624,0,248561.33333333334
1989-12-01,62.0428,21.1,126.3,3.45,36.1,896,0,248748.66666666666
1990-01-01,61.729,22.86,127.5,3.45,27.1,1176,0,248936.0
1990-02-01,62.2896,22.11,128.0,3.45,31.1,949,0,249194.33333333334
1990-03-01,62.5999,20.39,128.6,3.45,42.8,688,0,249452.66666666666
1990-04-01,62.4359,18.43,128.9,3.45,53.8,336,0,249711.0
1990-05-01,62.6258,18.2,129.1,3.45,64.8,6,0,250005.66666666666
1990-06-01,62.8382,16.7,129.9,3.45,81.2,0,486,250300.33333333334
1990-07-01,62.7284,18.45,130.5,3.45,76.0,0,340,250595.0
1990-08-01,62.9475,27.31,131.6,3.45,74.4,0,292,250890.66666666666
1990-09-01,62.9523,33.51,132.5,3.45,65.9,0,27,251186.33333333334
1990-10-01,62.5845,36.04,133.4,3.45,54.2,336,0,251482.0
1990-11-01,61.7887,32.33,133.7,3.45,40.7,728,0,251740.66666666666
1990-12-01,61.3352,27.28,134.2,3.45,35.4,918,0,251999.33333333334
1991-01-01,61.1355,25.23,134.7,3.45,28.6,1128,0,252258.0
1991-02-01,60.6838,20.48,134.8,3.45,32.9,899,0,252526.33333333334
1991-03-01,60.3346,19.9,134.8,3.45,40.3,765,0,252794.66666666666
1991-04-01,60.4938,20.83,135.1,3.45,52.8,367,0,253063.0
1991-05-01,61.0633,21.23,135.6,3.45,69.3,0,134,253363.66666666666
1991-06-01,61.5581,20.19,136.0,3.45,66.9,0,58,253664.33333333334
1991-07-01,61.7305,21.4,136.2,3.45,76.3,0,349,253965.0
1991-08-01,61.7298,21.69,136.6,3.45,67.6,0,80,254255.0
1991-09-01,62.2195,21.89,137.0,3.45,62.4,79,0,254545.0
1991-10-01,62.1855,23.23,137.2,3.45,55.3,301,0,254835.0
1991-11-01,62.0871,22.46,137.8,3.45,41.7,698,0,255085.0
1991-12-01,61.7852,19.5,138.2,3.45,30.8,1060,0,255335.0
1992-01-01,61.4616,18.79,138.3,3.45,28.8,1123,0,255585.0
1992-02-01,61.8955,19.01,138.6,3.45,35.2,864,0,255869.66666666666
1992-03-01,62.4232,18.92,139.1,3.45,39.7,783,0,256154.33333333334
1992-04-01,62.897,20.23,139.4,3.45,53.1,356,0,256439.0
1992-05-01,63.104,20.98,139.7,3.45,63.7,40,0,256754.66666666666
1992-06-01,63.1363,22.39,140.1,3.45,70.0,0,150,257070.33333333334
1992-07-01,63.7176,21.78,140.5,3.45,79.9,0,463,257386.0
1992-08-01,63.3613,21.34,140.8,3.45,73.2,0,255,257683.0
1992-09-01,63.5703,21.88,141.1,3.45,58.5,194,0,257980.0
1992-10-01,63.9995,21.69,141.7,3.45,53.1,370,0,258277.0
1992-11-01,64.2422,20.34,142.1,3.45,39.9,752,0,258531.0
1992-12-01,64.3507,19.41,142.3,3.45,35.7,909,0,258785.0
1993-01-01,64.5978,19.03,142.8,3.45,28.6,1128,0,259039.0
1993-02-01,64.9089,20.09,143.1,3.45,33.3,889,0,259301.33333333334
1993-03-01,64.8522,20.32,143.3,3.45,42.9,686,0,259563.66666666666
1993-04-01,65.0301,20.25,143.8,3.45,54.8,307,0,259826.0
1993-05-01,64.784,19.95,144.2,3.45,60.6,136,0,260122.0
1993-06-01,64.9301,19.09,144.3,3.45,70.8,0,175,260418.0
1993-07-01,65.1052,17.89,144.5,3.45,73.4,0,261,260714.0
1993-08-01,65.0267,18.01,144.8,3.45,70.0,0,156,260991.66666666666
1993-09-01,65.3717,17.5,145.0,3.45,68.0,0,91,261269.33333333334
1993-10-01,65.8509,18.15,145.6,3.45,53.6,352,0,261547.0
1993-11-01,66.1518,16.61,146.0,3.45,38.5,796,0,261781.33333333334
1993-12-01,66.5436,14.52,146.3,3.45,35.9,903,0,262015.66666666666
1994-01-01,66.7351,15.03,146.3,3.45,35.9,901,0,262250.0
1994-02-01,66.774,14.78,146.7,3.45,36.2,807,0,262506.6666666667
1994-03-01,67.4552,14.68,147.1,3.45,37.8,842,0,262763.3333333333
1994-04-01,67.8541,16.42,147.2,3.45,51.4,407,0,263020.0
1994-05-01,68.1663,17.89,147.5,3.45,66.8,0,56,263303.3333333333
1994-06-01,68.6265,19.06,147.9,3.45,69.9,0,148,263586.6666666667
1994-07-01,68.7178,19.66,148.4,3.45,75.8,0,333,263870.0
1994-08-01,69.1785,18.38,149.0,3.45,73.6,0,268,264139.3333333333
1994-09-01,69.3961,17.45,149.3,3.45,61.3,110,0,264408.6666666667
1994-10-01,69.9544,17.72,149.4,3.45,52.5,387,0,264678.0
1994-11-01,70.4326,18.07,149.8,3.45,33.6,943,0,264914.6666666667
1994-12-01,71.1523,17.16,150.1,3.45,31.0,1053,0,265151.3333333333
1995-01-01,71.2734,18.04,150.5,3.45,30.0,1084,0,265388.0
1995-02-01,71.193,18.57,150.9,3.45,30.5,966,0,265639.3333333333
1995-03-01,71.3113,18.54,151.2,3.45,45.7,597,0,265890.6666666667
1995-04-01,71.1882,19.9,151.8,3.45,49.1,477,0,266142.0
1995-05-01,71.5378,19.74,152.1,3.45,62.6,75,0,266428.0
1995-06-01,71.7749,18.45,152.4,3.45,72.1,0,212,266714.0
1995-07-01,71.4748,17.33,152.6,3.45,78.3,0,412,267000.0
1995-08-01,72.4223,18.02,152.9,3.45,68.1,0,97,267273.3333333333
1995-09-01,72.7144,18.23,153.1,3.45,66.6,0,48,267546.6666666667
1995-10-01,72.5866,17.43,153.5,3.45,52.7,381,0,267820.0
1995-11-01,72.7779,17.99,153.7,3.45,39.2,773,0,268042.3333333333
1995-12-01,73.0305,19.03,153.9,3.45,34.8,937,0,268264.6666666667
1996-01-01,72.6125,18.86,154.7,3.45,31.2,1048,0,268487.0
1996-02-01,73.6752,19.09,155.0,3.45,32.1,953,0,268741.6666666667
1996-03-01,73.585,21.33,155.5,3.45,41.9,717,0,268996.3333333333
1996-04-01,74.3172,23.5,156.1,3.45,51.7,398,0,269251.0
1996-05-01,74.8726,21.17,156.4,3.45,64.0,32,0,269543.3333333333
1996-06-01,75.4433,20.42,156.7,3.45,73.4,0,252,269835.6666666667
1996-07-01,75.4549,21.3,157.0,3.45,78.7,0,424,270128.0
1996-08-01,75.8411,21.9,157.2,3.45,68.7,0,114,270415.6666666667
1996-09-01,76.3158,23.97,157.7,3.45,69.0,0,121,270703.3333333333
1996-10-01,76.3384,24.88,158.2,3.45,47.8,532,0,270991.0
1996-11-01,77.0397,23.71,158.7,3.45,41.3,710,0,271230.3333333333
1996-12-01,77.5333,25.23,159.1,3.45,35.1,926,0,271469.6666666667
1997-01-01,77.6562,25.13,159.4,3.45,31.4,1041,0,271709.0
1997-02-01,78.5833,22.18,159.7,2.15,32.1,921,0,271968.3333333333
1997-03-01,79.082,20.97,159.8,1.89,41.2,738,0,272227.6666666667
1997-04-01,79.1747,19.7,159.9,2.03,51.5,405,0,272487.0
1997-05-01,79.6133,20.82,159.9,2.25,62.3,85,0,272788.3333333333
1997-06-01,79.9792,19.26,160.2,2.2,73.9,0,267,273089.6666666667
1997-07-01,80.6624,19.66,160.4,2.19,75.6,0,329,273391.0
1997-08-01,81.4694,19.95,160.8,2.49,70.1,0,157,273676.0
1997-09-01,82.2156,19.8,161.2,2.88,66.0,0,30,273961.0
1997-10-01,82.9446,21.33,161.5,3.07,53.5,356,0,274246.0
1997-11-01,83.5978,20.19,161.7,3.01,43.8,637,0,274480.6666666667
1997-12-01,83.9538,18.33,161.8,2.35,35.3,922,0,274715.3333333333
1998-01-01,84.3218,16.72,162.0,2.09,28.7,1126,0,274950.0
1998-02-01,84.4583,16.06,162.0,2.23,32.3,916,0,275201.0
1998-03-01,84.488,15.12,162.0,2.24,43.6,663,0,275452.0
1998-04-01,84.7779,15.35,162.2,2.43,54.3,321,0,275703.0
1998-05-01,85.3367,14.91,162.6,2.14,63.7,40,0,275990.0
1998-06-01,84.8248,13.72,162.8,2.17,72.1,0,213,276277.0
1998-07-01,84.4986,14.17,163.2,2.17,78.0,0,402,276564.0
1998-08-01,86.248,13.47,163.4,1.85,70.3,0,166,276842.6666666667
1998-09-01,86.2021,15.03,163.5,2.02,65.1,0,4,277121.3333333333
1998-10-01,86.7914,14.46,163.9,1.91,52.3,395,0,277400.0
1998-11-01,86.7256,13.0,164.1,2.12,41.2,713,0,277634.3333333333
1998-12-01,87.1185,11.35,164.4,1.72,36.5,884,0,277868.6666666667
1999-01-01,87.4949,12.52,164.7,1.85,32.8,997,0,278103.0
1999-02-01,88.027,12.01,164.7,1.77,35.8,819,0,278356.6666666667
1999-03-01,88.2267,14.68,164.8,1.79,45.0,618,0,278610.3333333333
1999-04-01,88.4295,17.31,165.9,2.15,52.8,365,0,278864.0
1999-05-01,88.9886,17.72,166.0,2.26,65.5,0,15,279159.6666666667
1999-06-01,88.9188,17.92,166.0,2.3,71.1,0,182,279455.3333333333
1999-07-01,89.4333,20.1,166.7,2.31,75.6,0,329,279751.0
1999-08-01,89.7924,21.28,167.1,2.8,71.5,0,202,280031.3333333333
1999-09-01,89.4299,23.8,167.8,2.55,64.0,29,0,280311.6666666667
1999-10-01,90.523,22.69,168.1,2.73,54.3,332,0,280592.0
1999-11-01,90.9618,25.0,168.4,2.37,39.8,757,0,280829.3333333333
1999-12-01,91.6634,26.1,168.8,2.36,39.0,806,0,281066.6666666667
2000-01-01,91.538,27.26,169.3,2.42,28.3,1138,0,281304.0
2000-02-01,91.8239,29.37,170.0,2.66,30.7,994,0,281536.6666666667
2000-03-01,92.1504,29.84,171.0,2.79,44.7,629,0,281769.3333333333
2000-04-01,92.6989,25.72,170.9,3.04,54.8,306,0,282002.0
2000-05-01,92.9499,28.79,171.2,3.59,65.4,0,12,282257.6666666667
2000-06-01,92.9862,31.82,172.2,4.29,73.4,0,253,282513.3333333333
2000-07-01,92.8048,29.7,172.7,3.99,74.8,0,304,282769.0
2000-08-01,92.5521,31.26,172.7,4.43,69.6,0,144,283018.6666666667
2000-09-01,92.9792,33.88,173.6,5.06,64.0,29,0,283268.3333333333
2000-10-01,92.6179,33.11,173.9,5.02,51.1,430,0,283518.0
2000-11-01,92.6438,34.42,174.2,5.52,44.3,622,0,283735.0
2000-12-01,92.3415,28.44,174.6,8.9,33.4,979,0,283952.0
2001-01-01,91.902,29.59,175.6,8.17,28.8,1123,0,284169.0
2001-02-01,91.3034,29.61,176.0,5.61,33.0,896,0,284392.0
2001-03-01,91.1162,27.25,176.1,5.23,42.9,686,0,284615.0
2001-04-01,90.7891,27.49,176.4,5.19,51.4,407,0,284838.0
2001-05-01,90.3555,28.63,177.3,4.19,61.8,99,0,285086.6666666667
2001-06-01,89.8784,27.6,177.7,3.72,72.5,0,225,285335.3333333333
2001-07-01,89.3028,26.43,177.4,3.11,75.5,0,324,285584.0
2001-08-01,89.2003,27.37,177.4,2.97,70.6,0,175,285826.3333333333
2001-09-01,88.7485,26.2,178.1,2.19,62.7,70,0,286068.6666666667
2001-10-01,88.5052,22.17,177.6,2.46,53.4,358,0,286311.0
2001-11-01,87.97,19.64,177.5,2.34,38.2,803,0,286519.0
2001-12-01,87.9324,19.39,177.4,2.3,30.3,1076,0,286727.0
2002-01-01,88.5176,19.72,177.7,2.32,29.1,1114,0,286935.0
2002-02-01,88.5278,20.72,178.0,2.32,33.3,888,0,287148.0
2002-03-01,89.1686,24.53,178.5,3.03,42.7,693,0,287361.0
2002-04-01,89.604,26.18,179.3,3.43,56.6,253,0,287574.0
2002-05-01,89.964,27.04,179.5,3.5,66.0,0,32,287817.0
2002-06-01,90.7061,25.52,179.6,3.26,71.5,0,196,288060.0
2002-07-01,90.6769,26.97,180.0,2.99,74.8,0,305,288303.0
2002-08-01,90.5762,28.39,180.5,3.09,69.4,0,137,288537.6666666667
2002-09-01,90.6531,29.66,180.8,3.55,63.8,35,0,288772.3333333333
2002-10-01,90.4643,28.84,181.2,4.13,52.2,398,0,289007.0
2002-11-01,90.9711,26.35,181.5,4.04,42.7,669,0,289207.6666666667
2002-12-01,90.4652,29.46,181.8,4.74,31.8,1030,0,289408.3333333333
2003-01-01,91.2361,32.95,182.6,5.43,32.2,1017,0,289609.0
2003-02-01,91.3445,35.83,183.6,7.71,37.7,765,0,289823.6666666667
2003-03-01,91.1044,33.51,183.9,5.93,41.6,724,0,290038.3333333333
2003-04-01,90.5617,28.17,183.2,5.26,53.9,333,0,290253.0
2003-05-01,90.537,28.11,182.9,5.81,65.6,0,20,290493.3333333333
2003-06-01,90.6527,30.66,183.1,5.82,71.0,0,179,290733.6666666667
2003-07-01,91.1185,30.76,183.7,5.03,75.5,0,325,290974.0
2003-08-01,90.9197,31.57,184.5,4.99,72.0,0,217,291205.6666666667
2003-09-01,91.5059,28.31,185.1,4.62,64.2,25,0,291437.3333333333
2003-10-01,91.6186,30.34,184.9,4.63,51.0,434,0,291669.0
2003-11-01,92.2329,31.11,185.0,4.47,42.0,690,0,291858.3333333333
2003-12-01,92.2602,32.13,185.5,6.13,35.1,926,0,292047.6666666667
2004-01-01,92.4006,34.31,186.3,6.14,34.6,944,0,292237.0
2004-02-01,92.958,34.69,186.7,5.37,36.3,833,0,292449.6666666667
2004-03-01,92.5861,36.74,187.1,5.39,47.3,548,0,292662.3333333333
2004-04-01,92.93,36.75,187.4,5.71,51.0,419,0,292875.0
2004-05-01,93.6013,40.28,188.2,6.33,66.1,0,35,293117.6666666667
2004-06-01,92.871,38.03,188.9,6.27,72.5,0,224,293360.3333333333
2004-07-01,93.5649,40.78,189.1,5.93,80.4,0,478,293603.0
2004-08-01,93.6277,44.9,189.2,5.41,70.0,0,154,293846.6666666667
2004-09-01,93.7467,45.94,189.8,5.15,61.9,94,0,294090.3333333333
2004-10-01,94.5465,53.28,190.8,6.35,51.5,420,0,294334.0
2004-11-01,94.7813,48.47,191.7,6.17,36.6,851,0,294541.6666666667
2004-12-01,95.5365,43.15,191.7,6.58,32.6,1005,0,294749.3333333333
2005-01-01,95.8801,46.84,191.6,6.15,29.1,1114,0,294957.0
2005-02-01,96.5761,48.15,192.4,6.14,34.3,860,0,295167.3333333333
2005-03-01,96.4456,54.19,193.1,6.96,42.8,688,0,295377.6666666667
2005-04-01,96.6532,52.98,193.7,7.16,57.7,220,0,295588.0
2005-05-01,96.7402,49.83,193.6,6.47,66.3,0,42,295838.6666666667
2005-06-01,97.1753,56.35,193.7,7.18,70.6,0,167,296089.3333333333
2005-07-01,96.8676,59.0,194.9,7.63,72.7,0,240,296340.0
2005-08-01,97.1833,64.99,196.1,9.53,73.3,0,256,296588.6666666667
2005-09-01,95.3005,65.59,198.8,11.75,60.7,130,0,296837.3333333333
2005-10-01,96.4572,62.26,199.1,13.42,57.6,231,0,297086.0
2005-11-01,97.5414,58.32,198.1,10.3,44.9,602,0,297302.6666666667
2005-12-01,98.0452,59.41,198.1,13.05,32.8,999,0,297519.3333333333
2006-01-01,98.1999,65.49,199.3,8.69,26.7,1187,0,297736.0
2006-02-01,98.2413,61.63,199.4,7.54,37.3,775,0,297960.0
2006-03-01,98.4628,62.69,199.7,6.89,41.7,722,0,298184.0
2006-04-01,98.7618,69.44,200.7,7.16,56.1,267,0,298408.0
2006-05-01,98.7869,70.84,201.3,6.25,60.0,155,0,298665.3333333333
2006-06-01,99.0997,70.95,201.8,6.21,70.6,0,167,298922.6666666667
2006-07-01,99.0489,74.41,202.9,6.17,75.0,0,311,299180.0
2006-08-01,99.4836,73.04,203.8,7.14,72.2,0,223,299435.3333333333
2006-09-01,99.3183,63.8,202.8,4.9,62.9,63,0,299690.6666666667
2006-10-01,99.2044,58.89,201.9,5.85,54.6,323,0,299946.0
2006-11-01,99.1627,59.08,202.0,7.41,39.3,770,0,300167.0
2006-12-01,100.1735,61.96,203.1,6.73,33.6,973,0,300388.0
2007-01-01,99.8346,54.51,203.437,6.55,31.3,1044,0,300609.0
2007-02-01,100.7753,59.28,204.226,8.0,35.3,833,0,300834.0
2007-03-01,100.9547,60.44,205.288,7.11,43.8,657,0,301059.0
2007-04-01,101.6334,63.98,205.904,7.6,50.2,444,0,301284.0
2007-05-01,101.7306,63.46,206.755,7.64,60.2,149,0,301543.3333333333
2007-06-01,101.7893,67.49,207.234,7.35,75.3,0,308,301802.6666666667
2007-07-01,101.6672,74.12,207.603,6.22,75.9,0,337,302062.0
2007-08-01,101.863,72.36,207.667,6.22,70.2,0,162,302317.6666666667
2007-09-01,102.0894,79.92,208.547,6.08,67.9,0,88,302573.3333333333
2007-10-01,101.8015,85.8,209.19,6.74,53.3,362,0,302829.0
2007-11-01,102.3446,94.77,210.834,7.1,45.0,600,0,303050.6666666667
2007-12-01,102.3803,91.69,211.445,7.11,34.2,956,0,303272.3333333333
2008-01-01,102.2448,92.97,212.174,7.99,36.2,893,0,303494.0
2008-02-01,101.8438,95.39,212.687,8.54,38.4,772,0,303716.0
2008-03-01,101.5336,105.45,213.448,9.41,41.4,731,0,303938.0
2008-04-01,100.8785,112.58,213.942,10.18,55.5,285,0,304160.0
2008-05-01,100.2674,125.4,215.208,11.27,65.7,0,21,304407.3333333333
2008-06-01,100.0335,133.88,217.463,12.69,75.5,0,316,304654.6666666667
2008-07-01,99.676,133.37,219.016,11.09,72.7,0,237,304902.0
2008-08-01,98.1111,116.67,218.69,8.26,73.8,0,274,305140.0
2008-09-01,93.7895,104.11,218.877,7.67,66.7,0,51,305378.0
2008-10-01,94.7219,76.61,216.995,6.74,48.7,506,0,305616.0
2008-11-01,93.4715,57.31,213.153,6.68,39.1,776,0,305823.0
2008-12-01,90.8357,41.12,211.398,5.82,28.9,1118,0,306030.0
2009-01-01,88.57,41.71,211.933,5.24,30.4,1072,0,306237.0
2009-02-01,88.031,39.09,212.705,4.52,35.8,817,0,306446.6666666667
2009-03-01,86.6528,47.94,212.495,3.96,45.8,594,0,306656.3333333333
2009-04-01,85.9344,49.65,212.709,3.5,53.3,352,0,306866.0
2009-05-01,85.0665,59.03,213.022,3.83,68.2,0,98,307101.6666666667
2009-06-01,84.7459,69.64,214.79,3.8,68.7,0,111,307337.3333333333
2009-07-01,85.7027,64.15,214.726,3.38,70.8,0,181,307573.0
2009-08-01,86.6426,71.05,215.445,3.14,72.0,0,217,307810.3333333333
2009-09-01,87.4063,69.41,215.861,2.99,65.1,0,2,308047.6666666667
2009-10-01,87.6419,75.72,216.509,4.01,53.0,371,0,308285.0
2009-11-01,88.0221,77.99,217.234,3.66,36.9,842,0,308490.3333333333
2009-12-01,88.3793,74.47,217.347,5.35,33.8,966,0,308695.6666666667
2010-01-01,89.3426,78.33,217.488,5.83,27.8,1152,0,308901.0
2010-02-01,89.6779,76.39,217.281,5.32,35.7,819,0,309096.6666666667
2010-03-01,90.2928,81.2,217.353,4.29,43.0,681,0,309292.3333333333
2010-04-01,90.5991,84.29,217.403,4.03,50.8,427,0,309488.0
2010-05-01,91.823,73.74,217.29,4.14,62.8,67,0,309708.0
2010-06-01,91.9928,75.34,217.199,4.8,69.5,0,136,309928.0
2010-07-01,92.3421,76.32,217.605,4.63,75.0,0,309,310148.0
2010-08-01,92.6805,76.6,217.923,4.32,74.6,0,297,310371.0
2010-09-01,92.9537,75.24,218.275,3.89,61.7,100,0,310594.0
2010-10-01,92.6903,81.89,219.035,3.43,54.4,329,0,310817.0
2010-11-01,92.7709,84.25,219.59,3.71,40.8,726,0,311003.3333333333
2010-12-01,93.6787,89.15,220.472,4.25,32.1,1020,0,311189.6666666667
2011-01-01,93.4814,89.17,221.187,4.49,30.9,1058,0,311376.0
2011-02-01,93.1102,88.58,221.898,4.09,31.5,938,0,311564.0
2011-03-01,94.0788,102.86,223.046,3.97,40.8,751,0,311752.0
2011-04-01,93.7749,109.53,224.093,4.24,50.2,445,0,311940.0
2011-05-01,93.888,100.9,224.806,4.31,69.1,0,126,312162.0
2011-06-01,94.172,96.26,224.806,4.54,72.3,0,219,312384.0
2011-07-01,94.636,97.3,225.395,4.42,73.4,0,261,312606.0
2011-08-01,95.2749,86.33,226.106,4.06,72.7,0,240,312823.3333333333
2011-09-01,95.1961,85.52,226.597,3.9,63.9,34,0,313040.6666666667
2011-10-01,95.8568,86.32,226.75,3.57,52.6,384,0,313258.0
2011-11-01,95.8485,97.16,227.169,3.24,43.7,639,0,313443.0
2011-12-01,96.3571,98.56,227.223,3.17,36.0,899,0,313628.0
2012-01-01,96.9318,100.27,227.842,2.67,29.8,1090,0,313813.0
2012-02-01,97.2435,102.2,228.329,2.51,32.7,937,0,313999.6666666667
2012-03-01,96.74,106.16,228.807,2.17,41.5,729,0,314186.3333333333
2012-04-01,97.4359,103.32,229.187,1.95,47.4,527,0,314373.0
2012-05-01,97.6609,94.66,228.713,2.43,60.4,143,0,314592.0
2012-06-01,97.6663,82.3,228.524,2.46,75.7,0,320,314811.0
2012-07-01,97.8713,87.9,228.59,2.95,79.3,0,443,315030.0
2012-08-01,97.4525,94.13,229.918,2.84,71.6,0,205,315248.3333333333
2012-09-01,97.381,94.51,231.015,2.85,65.6,0,19,315466.6666666667
2012-10-01,97.7193,89.49,231.638,3.32,54.0,342,0,315685.0
2012-11-01,98.0777,86.53,231.249,3.54,49.9,453,0,315855.3333333333
2012-12-01,98.3101,87.86,231.221,3.34,36.9,870,0,316025.6666666667
2013-01-01,98.3342,94.76,231.679,3.33,30.9,1058,0,316196.0
2013-02-01,98.7941,95.31,232.937,3.33,31.8,931,0,316375.0
2013-03-01,99.1921,92.94,232.282,3.81,38.2,831,0,316554.0
2013-04-01,99.1065,92.02,231.797,4.17,53.7,339,0,316733.0
2013-05-01,99.1839,94.51,231.893,4.04,62.3,83,0,316954.0
2013-06-01,99.3897,95.77,232.445,3.83,68.7,0,111,317175.0
2013-07-01,99.0814,104.67,232.9,3.62,73.6,0,267,317396.0
2013-08-01,99.6543,106.57,233.456,3.43,69.6,0,142,317621.3333333333
2013-09-01,100.161,106.29,233.544,3.62,68.4,0,103,317846.6666666667
2013-10-01,100.082,100.54,233.669,3.68,55.4,297,0,318072.0
2013-11-01,100.3158,93.86,234.1,3.64,42.2,684,0,318263.0
2013-12-01,100.5175,97.63,234.719,4.24,37.9,841,0,318454.0
2014-01-01,100.1599,94.62,235.288,4.71,31.4,1041,0,318645.0
2014-02-01,100.9168,100.82,235.547,6.0,32.0,923,0,318839.3333333333
2014-03-01,101.8942,100.8,236.028,4.9,46.0,588,0,319033.6666666667
2014-04-01,101.9928,102.07,236.468,4.66,54.6,312,0,319228.0
2014-05-01,102.3836,102.18,236.918,4.58,61.6,104,0,319458.3333333333
2014-06-01,102.735,105.79,237.231,4.59,71.8,0,205,319688.6666666667
2014-07-01,102.9632,103.59,237.498,4.05,73.1,0,250,319919.0
2014-08-01,102.7688,96.54,237.46,3.91,68.8,0,119,320149.6666666667
2014-09-01,103.0641,93.21,237.477,3.92,66.6,0,47,320380.3333333333
2014-10-01,103.0764,84.4,237.43,3.78,58.0,216,0,320611.0
2014-11-01,103.7126,75.79,236.983,4.12,38.8,787,0,320796.6666666667
2014-12-01,103.7044,59.29,236.252,3.48,35.6,911,0,320982.3333333333
2015-01-01,102.8905,47.22,234.747,2.99,29.6,1096,0,321168.0
2015-02-01,102.2335,50.58,235.342,2.87,33.0,896,0,321360.0
2015-03-01,101.8914,47.82,235.976,2.83,40.8,751,0,321552.0
2015-04-01,101.3355,54.45,236.222,2.61,51.1,417,0,321744.0
2015-05-01,100.8883,59.27,237.001,2.85,64.4,19,0,321972.0
2015-06-01,100.571,59.82,237.657,2.78,70.2,0,157,322200.0
2015-07-01,101.2228,50.9,238.034,2.84,76.0,0,339,322428.0
2015-08-01,101.0367,42.87,238.033,2.77,72.2,0,223,322655.3333333333
2015-09-01,100.7547,45.48,237.498,2.66,63.7,40,0,322882.6666666667
2015-10-01,100.2675,46.22,237.733,2.34,51.0,434,0,323110.0
2015-11-01,99.5298,42.44,238.017,2.09,40.8,725,0,323303.0
2015-12-01,99.0417,37.19,237.761,1.93,36.1,895,0,323496.0
2016-01-01,99.5607,31.68,237.652,2.28,32.5,1006,0,323689.0
2016-02-01,99.0445,30.32,237.336,1.99,31.8,963,0,323881.0
2016-03-01,98.3096,37.55,238.08,1.73,42.5,696,0,324073.0
2016-04-01,98.6421,40.75,238.992,1.92,55.2,295,0,324265.0
2016-05-01,98.4184,46.71,239.557,1.92,60.1,151,0,324485.3333333333
2016-06-01,98.8833,48.76,240.222,2.59,73.7,0,261,324705.6666666667
2016-07-01,98.9992,44.65,240.101,2.82,73.6,0,268,324926.0
2016-08-01,98.85,44.72,240.545,2.82,73.8,0,272,325136.3333333333
2016-09-01,98.7457,45.18,241.176,2.99,62.4,78,0,325346.6666666667
2016-10-01,98.7611,49.78,241.741,2.98,48.8,502,0,325557.0
2016-11-01,98.3491,45.66,242.026,2.55,38.2,803,0,325722.3333333333
2016-12-01,99.0214,51.97,242.637,3.59,34.4,949,0,325887.6666666667
2017-01-01,98.7611,52.5,243.618,3.3,32.0,1024,0,326053.0
2017-02-01,98.3646,53.47,244.006,2.85,32.0,924,0,326220.0
2017-03-01,99.0137,49.33,243.892,2.88,43.9,653,0,326387.0
2017-04-01,100.0224,51.06,244.193,3.1,49.2,475,0,326554.0
2017-05-01,100.1408,48.48,244.004,3.15,64.2,26,0,326749.3333333333
2017-06-01,100.3471,45.18,244.163,2.98,69.4,0,131,326944.6666666667
2017-07-01,100.1068,46.63,244.243,2.98,73.7,0,270,327140.0
2017-08-01,99.6925,48.04,245.183,2.9,72.5,0,233,327324.0
2017-09-01,99.7954,49.82,246.435,2.98,62.2,84,0,327508.0
2017-10-01,101.0247,51.58,246.626,2.88,52.4,391,0,327692.0
2017-11-01,101.2664,56.64,247.284,3.01,44.9,604,0,327825.0
2017-12-01,101.4644,57.88,247.805,2.82,32.9,997,0,327958.0
2018-01-01,101.4625,63.7,248.859,3.87,33.4,978,0,328091.0
2018-02-01,101.7085,62.23,249.529,2.67,31.5,939,0,328236.0
2018-03-01,102.2067,62.73,249.577,2.69,43.7,661,0,328381.0
2018-04-01,103.3329,66.25,250.227,2.8,57.0,241,0,328526.0
2018-05-01,102.4024,69.98,250.792,2.8,58.2,211,0,328697.3333333333
2018-06-01,103.198,67.87,251.018,2.97,70.4,0,163,328868.6666666667
2018-07-01,103.3646,70.98,251.214,2.83,76.8,0,366,329040.0
2018-08-01,104.0327,68.06,251.663,2.96,71.9,0,214,329200.6666666667
2018-09-01,104.1004,70.23,252.182,3.0,65.3,0,9,329361.3333333333
2018-10-01,103.9856,70.75,252.772,3.28,51.9,407,0,329522.0
2018-11-01,104.0681,56.96,252.594,4.09,42.6,672,0,329637.3333333333
2018-12-01,104.0936,49.52,252.767,4.04,33.9,963,0,329752.6666666667
2019-01-01,103.4021,51.38,252.561,3.11,34.3,952,0,329868.0
2019-02-01,102.8371,54.95,253.319,2.69,35.0,841,0,329993.6666666667
2019-03-01,102.8757,58.15,254.277,2.95,43.2,675,0,330119.3333333333
2019-04-01,102.274,63.86,255.233,2.65,52.4,379,0,330245.0
2019-05-01,102.392,60.83,255.296,2.64,63.2,57,0,330406.3333333333
2019-06-01,102.4375,54.66,255.213,2.4,71.4,0,191,330567.6666666667
2019-07-01,101.9408,57.35,255.802,2.37,76.4,0,353,330729.0
2019-08-01,102.639,54.81,256.036,2.22,71.4,0,198,330888.6666666667
2019-09-01,102.2917,56.95,256.43,2.56,65.1,0,4,331048.3333333333
2019-10-01,101.4281,53.96,257.155,2.33,58.6,199,0,331208.0
2019-11-01,101.9372,57.03,257.879,2.65,44.6,613,0,331320.3333333333
2019-12-01,101.7003,59.88,258.63,2.22,33.5,975,0,331432.6666666667
2020-01-01,101.0338,57.52,259.127,2.02,34.4,948,0,331545.0
2020-02-01,101.3735,50.54,259.25,1.91,33.3,918,0,331618.3333333333
2020-03-01,97.4078,29.21,258.076,1.79,37.3,858,0,331691.6666666667
2020-04-01,84.5619,16.55,256.032,1.74,50.9,423,0,331765.0
2020-05-01,85.9604,28.56,255.802,1.75,59.7,163,0,331822.6666666667
2020-06-01,91.5934,38.31,257.042,1.63,71.6,0,198,331880.3333333333
2020-07-01,95.0256,40.71,258.352,1.76,75.5,0,325,331938.0
2020-08-01,95.9549,42.34,259.316,2.3,76.7,0,362,331995.6666666667
2020-09-01,95.9669,39.63,259.997,1.92,65.2,0,7,332053.3333333333
2020-10-01,96.7394,39.4,260.319,2.39,52.9,376,0,332111.0
2020-11-01,97.0816,40.94,260.911,2.61,44.5,615,0,332092.6666666667
2020-12-01,98.363,47.02,262.045,2.58,28.9,1120,0,332074.3333333333
2021-01-01,98.8822,52.0,262.639,2.71,32.0,1022,0,332056.0
2021-02-01,95.6149,59.04,263.573,5.35,36.3,803,0,332109.6666666667
2021-03-01,98.3856,62.33,264.847,2.62,38.7,814,0,332163.3333333333
2021-04-01,98.5587,61.72,266.625,2.66,56.3,261,0,332217.0
2021-05-01,99.4333,65.17,268.404,2.91,65.3,0,9,332356.0
2021-06-01,99.7987,71.38,270.71,3.26,71.5,0,194,332495.0
2021-07-01,100.2519,72.49,271.965,3.84,77.0,0,373,332634.0
2021-08-01,100.0437,67.73,272.752,4.07,78.2,0,409,332793.6666666667
2021-09-01,98.8579,71.65,273.942,5.16,64.9,3,0,332953.3333333333
2021-10-01,100.1861,81.48,276.528,5.51,54.1,338,0,333113.0
2021-11-01,100.8654,79.15,278.824,5.05,41.3,711,0,333234.0
2021-12-01,100.5726,71.71,280.806,3.76,32.3,1014,0,333355.0
2022-01-01,100.1856,83.22,282.542,4.38,33.5,975,0,333476.0
2022-02-01,100.8064,91.64,284.525,4.69,32.3,916,0,333643.6666666667
2022-03-01,101.3907,108.5,287.467,4.9,42.7,693,0,333811.3333333333
2022-04-01,101.44,101.78,288.582,6.6,52.3,381,0,333979.0
2022-05-01,101.3335,109.55,291.299,8.14,65.7,0,21,334203.6666666667
2022-06-01,101.018,114.84,295.072,7.7,73.4,0,251,334428.3333333333
2022-07-01,101.223,101.62,294.94,7.28,78.1,0,405,334653.0
2022-08-01,101.0963,93.67,295.162,8.81,71.3,0,194,334896.0
2022-09-01,101.2918,84.26,296.421,7.88,63.8,36,0,335139.0
2022-10-01,101.2529,87.55,297.979,5.66,51.0,433,0,335382.0
2022-11-01,100.9552,84.37,298.708,5.45,41.4,708,0,335594.0
2022-12-01,99.7664,76.44,298.808,5.53,35.4,918,0,335806.0
2023-01-01,100.505,78.12,300.456,3.27,33.4,980,0,336018.0
2023-02-01,100.6416,76.83,301.476,2.38,32.1,920,0,336240.3333333333
2023-03-01,101.0205,73.28,301.643,2.31,44.7,630,0,336462.6666666667
2023-04-01,101.253,79.45,302.858,2.16,56.9,243,0,336685.0
2023-05-01,100.9286,71.58,303.316,2.15,65.5,0,17,336956.6666666667
2023-06-01,100.1196,70.25,304.099,2.18,77.3,0,368,337228.3333333333
2023-07-01,100.9067,76.07,304.615,2.55,73.6,0,266,337500.0
2023-08-01,100.8393,81.39,306.138,2.58,69.5,0,138,337786.6666666667
2023-09-01,101.0211,89.43,307.374,2.64,60.1,148,0,338073.3333333333
2023-10-01,100.4689,85.64,307.653,2.98,57.3,240,0,338360.0
2023-11-01,100.8639,77.69,308.087,2.71,44.2,625,0,338613.0
2023-12-01,100.6031,71.9,308.735,2.52,34.3,951,0,338866.0
2024-01-01,99.2223,74.15,309.794,3.18,32.2,1016,0,339119.0
2024-02-01,100.285,77.25,311.022,1.72,31.7,967,0,339389.0
2024-03-01,100.4575,81.28,312.107,1.49,48.6,507,0,339659.0
2024-04-01,100.2434,85.35,313.016,1.6,53.9,334,0,339929.0
2024-05-01,100.863,80.02,313.14,2.12,64.8,6,0,340165.0
2024-06-01,100.894,79.77,313.131,2.54,74.4,0,282,340401.0
2024-07-01,99.9757,81.8,313.566,2.07,76.7,0,364,340637.0
2024-08-01,100.4309,76.68,314.131,1.99,73.2,0,253,340812.6666666667
2024-09-01,99.8084,70.24,314.851,2.28,62.6,73,0,340988.3333333333
2024-10-01,99.4695,71.99,315.564,2.2,54.7,318,0,341164.0
2024-11-01,99.2925,69.95,316.449,2.12,47.3,532,0,341306.0
2024-12-01,100.3273,70.12,317.603,3.01,37.9,841,0,341448.0
2025-01-01,100.0647,75.74,319.086,4.13,35.5,913,0,341590.0
2025-02-01,101.0993,71.53,319.775,4.19,33.2,890,0,341738.0
2025-03-01,101.0404,68.24,319.615,4.12,40.1,772,0,341886.0
2025-04-01,101.1279,63.54,320.321,3.42,53.3,352,0,342034.0
2025-05-01,100.9655,62.17,320.58,3.12,64.7,9,0,342207.6666666667
2025-06-01,101.4785,68.17,321.5,3.02,75.4,0,311,342381.3333333333
2025-07-01,101.894,68.39,322.132,3.2,71.3,0,197,342555.0
2025-08-01,101.5867,64.86,323.364,2.91,76.5,0,355,342555.0
2025-09-01,101.7779,63.96,324.368,2.97,64.2,24,0,342555.0
